traffic_control_device,weather_condition,lighting_condition,first_crash_type,trafficway_type,alignment,roadway_surface_cond,road_defect,crash_type,intersection_related_i,prim_contributory_cause,num_units,most_severe_injury,injuries_total,injuries_fatal,injuries_incapacitating,injuries_non_incapacitating,injuries_reported_not_evident,injuries_no_indication,crash_hour,crash_day_of_week,crash_month
4,2,3,7,2,3,0,1,1,0,17,2,2,0.0,0.0,0.0,0.0,0.0,1.0,9,2,6
15,2,3,0,8,3,0,1,1,1,36,2,2,0.0,0.0,0.0,0.0,0.0,2.0,15,6,6
15,2,3,9,8,3,0,1,0,1,19,2,3,1.0,0.0,0.0,1.0,0.0,2.0,13,3,11
16,2,3,17,8,3,6,1,1,1,36,2,2,0.0,0.0,0.0,0.0,0.0,3.0,9,6,9
16,2,3,10,6,3,0,1,1,1,19,2,2,0.0,0.0,0.0,0.0,0.0,3.0,7,3,4
16,2,1,0,6,3,0,1,0,1,18,2,2,0.0,0.0,0.0,0.0,0.0,4.0,23,2,5
16,2,1,10,8,3,0,1,1,1,19,2,2,0.0,0.0,0.0,0.0,0.0,2.0,16,5,11
16,2,3,17,2,3,0,1,1,1,24,2,2,0.0,0.0,0.0,0.0,0.0,2.0,14,4,8
16,3,3,10,8,3,0,0,1,1,19,2,2,0.0,0.0,0.0,0.0,0.0,2.0,16,3,9
4,7,1,8,19,3,6,0,0,1,36,2,3,1.0,0.0,0.0,1.0,0.0,2.0,5,4,9
16,7,1,17,10,3,0,1,1,1,24,2,2,0.0,0.0,0.0,0.0,0.0,2.0,21,7,12
16,2,3,10,2,3,0,1,1,1,14,2,2,0.0,0.0,0.0,0.0,0.0,2.0,15,2,8
15,2,3,0,6,3,0,1,1,1,18,2,2,0.0,0.0,0.0,0.0,0.0,2.0,18,6,6
16,2,3,10,8,3,0,1,1,1,17,2,2,0.0,0.0,0.0,0.0,0.0,2.0,15,5,10
16,2,3,10,2,3,0,1,1,1,36,2,2,0.0,0.0,0.0,0.0,0.0,2.0,18,7,8
16,2,3,10,8,3,0,1,1,0,19,3,2,0.0,0.0,0.0,0.0,0.0,3.0,8,2,2
16,2,1,0,15,3,6,1,1,1,6,2,2,0.0,0.0,0.0,0.0,0.0,2.0,20,3,10
4,2,3,15,8,3,6,1,1,1,23,2,2,0.0,0.0,0.0,0.0,0.0,3.0,16,3,5
0,2,3,15,8,3,0,1,1,1,22,2,2,0.0,0.0,0.0,0.0,0.0,7.0,15,5,7
16,2,3,17,3,3,6,1,0,1,18,2,2,0.0,0.0,0.0,0.0,0.0,2.0,13,7,12
16,3,3,17,6,3,0,0,1,1,24,2,2,0.0,0.0,0.0,0.0,0.0,6.0,15,5,1
0,2,1,10,10,3,0,1,1,1,21,2,2,0.0,0.0,0.0,0.0,0.0,2.0,0,7,8
15,2,3,10,10,3,1,1,1,1,39,2,2,0.0,0.0,0.0,0.0,0.0,2.0,13,4,12
16,10,3,0,8,3,6,1,0,1,12,2,3,2.0,0.0,0.0,2.0,0.0,0.0,14,6,1
16,6,3,9,1,3,6,1,0,1,18,3,3,2.0,0.0,0.0,2.0,0.0,2.0,15,2,1
15,3,3,17,15,3,0,1,1,1,18,2,2,0.0,0.0,0.0,0.0,0.0,2.0,9,6,8
16,2,3,17,8,3,0,1,1,1,18,2,2,0.0,0.0,0.0,0.0,0.0,3.0,17,6,11
4,2,3,17,0,3,0,0,1,1,36,2,2,0.0,0.0,0.0,0.0,0.0,3.0,12,2,10
16,0,3,10,2,3,0,0,1,1,19,2,2,0.0,0.0,0.0,0.0,0.0,2.0,16,5,12
6,2,3,17,10,3,0,1,1,1,24,2,2,0.0,0.0,0.0,0.0,0.0,2.0,11,6,12
16,7,3,0,6,3,6,1,0,1,39,2,3,1.0,0.0,0.0,1.0,0.0,1.0,7,2,9
16,2,3,17,6,3,0,1,1,1,24,2,2,0.0,0.0,0.0,0.0,0.0,2.0,18,3,7
15,2,3,0,11,3,0,1,0,1,18,2,1,1.0,0.0,1.0,0.0,0.0,1.0,12,4,7
16,2,1,17,8,3,0,1,1,1,22,2,2,0.0,0.0,0.0,0.0,0.0,3.0,22,4,2
4,2,3,10,2,3,0,1,0,1,36,2,3,2.0,0.0,0.0,1.0,1.0,0.0,15,3,6
16,2,3,17,8,3,0,1,0,1,18,2,2,0.0,0.0,0.0,0.0,0.0,2.0,9,6,8
4,3,1,17,8,3,0,1,1,1,17,2,2,0.0,0.0,0.0,0.0,0.0,3.0,3,3,2
16,2,3,17,10,3,0,0,1,1,36,2,2,0.0,0.0,0.0,0.0,0.0,2.0,16,4,7
16,2,3,8,6,3,0,1,1,1,24,2,2,0.0,0.0,0.0,0.0,0.0,2.0,10,7,10
15,2,3,8,2,3,0,1,0,1,5,2,4,1.0,0.0,0.0,0.0,1.0,1.0,9,4,6
4,2,1,17,8,3,0,1,0,1,19,2,4,1.0,0.0,0.0,0.0,1.0,1.0,17,3,9
15,2,3,15,8,3,0,4,1,1,36,2,2,0.0,0.0,0.0,0.0,0.0,5.0,9,4,3
16,2,3,0,8,4,0,1,1,1,18,2,2,0.0,0.0,0.0,0.0,0.0,3.0,12,4,9
16,2,3,10,2,3,0,1,1,1,17,2,2,0.0,0.0,0.0,0.0,0.0,3.0,17,6,8
16,2,3,17,6,3,0,1,1,1,18,2,2,0.0,0.0,0.0,0.0,0.0,2.0,16,4,8
16,2,1,0,6,3,0,1,1,1,6,2,2,0.0,0.0,0.0,0.0,0.0,3.0,0,2,11
15,2,3,0,8,3,0,1,1,1,18,2,2,0.0,0.0,0.0,0.0,0.0,2.0,15,6,9
15,2,3,17,8,3,0,1,1,1,18,2,2,0.0,0.0,0.0,0.0,0.0,2.0,9,7,10
16,2,1,17,8,3,0,1,1,1,24,2,2,0.0,0.0,0.0,0.0,0.0,2.0,18,6,1
16,2,3,17,8,3,0,0,1,1,36,2,2,0.0,0.0,0.0,0.0,0.0,2.0,14,3,2
16,0,0,8,0,3,0,0,0,1,26,2,4,1.0,0.0,0.0,0.0,1.0,1.0,19,2,10
15,7,1,14,11,3,6,0,1,1,36,2,2,0.0,0.0,0.0,0.0,0.0,2.0,21,4,4
4,2,3,7,10,3,0,1,1,1,21,2,2,0.0,0.0,0.0,0.0,0.0,1.0,14,4,5
16,2,1,10,3,3,6,1,1,1,36,2,2,0.0,0.0,0.0,0.0,0.0,4.0,19,1,2
4,2,3,15,2,3,0,1,1,1,36,2,2,0.0,0.0,0.0,0.0,0.0,2.0,14,7,6
15,2,3,17,8,3,0,0,1,1,18,2,2,0.0,0.0,0.0,0.0,0.0,7.0,16,7,10
16,2,1,0,15,3,0,1,0,1,12,2,4,1.0,0.0,0.0,0.0,1.0,2.0,22,4,7
15,2,3,0,2,3,6,0,0,1,5,2,2,0.0,0.0,0.0,0.0,0.0,2.0,16,4,6
16,2,3,17,5,3,0,1,1,1,36,2,2,0.0,0.0,0.0,0.0,0.0,2.0,9,3,6
16,7,1,17,8,3,6,1,1,1,24,2,2,0.0,0.0,0.0,0.0,0.0,3.0,4,7,8
4,2,3,17,6,3,0,1,1,1,18,2,2,0.0,0.0,0.0,0.0,0.0,2.0,18,1,4
4,2,1,8,2,3,0,1,0,1,28,2,3,1.0,0.0,0.0,1.0,0.0,1.0,21,5,6
15,2,3,0,8,3,0,0,1,1,18,2,2,0.0,0.0,0.0,0.0,0.0,2.0,14,2,9
16,2,3,15,2,3,0,1,1,1,36,2,2,0.0,0.0,0.0,0.0,0.0,3.0,7,4,6
16,2,3,2,6,3,0,1,1,1,12,1,2,0.0,0.0,0.0,0.0,0.0,1.0,11,5,6
15,2,4,10,8,3,4,1,1,1,36,2,2,0.0,0.0,0.0,0.0,0.0,2.0,17,3,2
16,2,1,15,2,3,0,1,0,1,36,2,3,1.0,0.0,0.0,1.0,0.0,2.0,0,7,3
16,2,3,17,8,3,0,1,1,1,18,3,2,0.0,0.0,0.0,0.0,0.0,3.0,12,5,10
15,2,3,0,15,3,0,1,1,1,5,2,2,0.0,0.0,0.0,0.0,0.0,3.0,11,5,1
4,2,3,10,8,3,0,1,1,1,19,2,2,0.0,0.0,0.0,0.0,0.0,2.0,16,2,11
16,2,1,17,11,3,0,1,1,1,23,2,2,0.0,0.0,0.0,0.0,0.0,4.0,20,1,11
16,7,3,0,2,3,6,1,1,1,18,2,2,0.0,0.0,0.0,0.0,0.0,2.0,7,4,4
16,3,3,10,2,4,0,1,0,1,8,2,4,2.0,0.0,0.0,0.0,2.0,1.0,14,3,4
15,0,1,0,2,3,0,0,1,1,36,2,2,0.0,0.0,0.0,0.0,0.0,2.0,18,6,3
16,7,0,17,8,3,6,1,1,1,36,2,2,0.0,0.0,0.0,0.0,0.0,2.0,17,7,11
16,2,3,17,8,3,0,1,1,1,24,2,2,0.0,0.0,0.0,0.0,0.0,2.0,22,3,7
4,2,3,10,8,3,0,1,1,0,19,2,2,0.0,0.0,0.0,0.0,0.0,2.0,8,5,5
16,2,0,10,8,3,0,1,1,1,36,2,2,0.0,0.0,0.0,0.0,0.0,2.0,21,7,7
8,2,3,17,6,3,0,1,1,1,18,2,2,0.0,0.0,0.0,0.0,0.0,2.0,8,3,5
4,2,3,17,8,3,0,1,1,1,36,2,2,0.0,0.0,0.0,0.0,0.0,2.0,14,1,1
16,2,1,17,3,3,0,1,1,1,24,2,2,0.0,0.0,0.0,0.0,0.0,2.0,5,2,6
4,3,3,17,8,3,0,1,1,0,18,2,2,0.0,0.0,0.0,0.0,0.0,2.0,12,7,11
16,3,3,10,8,3,6,1,1,1,36,2,2,0.0,0.0,0.0,0.0,0.0,3.0,11,6,1
16,2,3,10,8,3,0,1,1,1,36,2,2,0.0,0.0,0.0,0.0,0.0,2.0,10,6,8
4,2,3,0,0,3,0,1,1,1,18,2,2,0.0,0.0,0.0,0.0,0.0,2.0,15,6,7
16,2,3,17,11,3,0,0,0,1,24,2,3,1.0,0.0,0.0,1.0,0.0,1.0,16,4,10
6,0,0,15,8,3,0,1,1,0,23,2,2,0.0,0.0,0.0,0.0,0.0,2.0,17,3,11
16,2,3,15,2,3,0,1,1,1,22,2,2,0.0,0.0,0.0,0.0,0.0,2.0,17,5,7
16,3,3,17,1,3,0,1,1,1,22,2,2,0.0,0.0,0.0,0.0,0.0,2.0,7,6,12
16,2,2,17,8,3,0,0,1,1,19,2,2,0.0,0.0,0.0,0.0,0.0,2.0,15,7,10
16,3,3,17,2,3,6,1,1,1,18,2,2,0.0,0.0,0.0,0.0,0.0,2.0,7,6,10
16,2,3,10,2,3,0,1,1,1,19,2,2,0.0,0.0,0.0,0.0,0.0,2.0,18,4,5
15,2,3,17,6,3,0,1,1,1,36,2,2,0.0,0.0,0.0,0.0,0.0,2.0,11,5,6
16,2,3,10,8,3,0,1,1,1,28,2,2,0.0,0.0,0.0,0.0,0.0,2.0,18,5,4
16,2,3,10,6,3,0,1,1,1,19,2,2,0.0,0.0,0.0,0.0,0.0,2.0,10,5,2
15,7,3,0,8,3,6,1,1,1,36,2,2,0.0,0.0,0.0,0.0,0.0,2.0,9,7,11
16,2,3,2,6,3,0,1,1,1,36,1,2,0.0,0.0,0.0,0.0,0.0,1.0,10,2,7
4,2,3,17,8,3,0,1,1,1,18,2,2,0.0,0.0,0.0,0.0,0.0,2.0,14,2,11
16,2,3,10,2,3,0,1,1,1,19,2,2,0.0,0.0,0.0,0.0,0.0,2.0,15,2,4
0,0,0,10,0,3,0,0,1,1,17,2,2,0.0,0.0,0.0,0.0,0.0,2.0,1,2,8
4,2,3,17,8,3,0,1,1,1,23,2,2,0.0,0.0,0.0,0.0,0.0,2.0,15,5,10
16,2,3,7,8,3,1,1,1,0,12,2,2,0.0,0.0,0.0,0.0,0.0,1.0,13,3,11
0,7,4,17,8,3,6,0,1,1,26,2,2,0.0,0.0,0.0,0.0,0.0,2.0,21,3,9
16,2,0,15,6,3,6,1,1,1,36,2,2,0.0,0.0,0.0,0.0,0.0,2.0,20,5,1
16,10,3,0,10,3,4,1,1,1,6,2,2,0.0,0.0,0.0,0.0,0.0,3.0,10,7,2
16,2,3,15,6,3,0,1,1,1,23,2,2,0.0,0.0,0.0,0.0,0.0,2.0,14,2,10
16,0,0,0,8,3,0,0,1,1,36,2,2,0.0,0.0,0.0,0.0,0.0,3.0,7,2,12
4,2,1,0,10,3,0,1,0,1,36,2,2,0.0,0.0,0.0,0.0,0.0,4.0,21,6,4
16,3,3,15,11,3,0,0,1,1,12,2,2,0.0,0.0,0.0,0.0,0.0,2.0,15,5,10
16,2,3,4,8,3,6,1,0,1,36,1,3,1.0,0.0,0.0,1.0,0.0,0.0,8,2,2
16,2,3,10,6,3,0,1,1,1,2,2,2,0.0,0.0,0.0,0.0,0.0,2.0,6,4,6
15,2,3,10,6,4,0,1,0,1,17,2,4,1.0,0.0,0.0,0.0,1.0,1.0,16,6,4
16,2,3,10,2,3,0,1,1,1,36,2,2,0.0,0.0,0.0,0.0,0.0,2.0,14,4,12
16,2,3,10,8,3,0,1,1,1,19,2,2,0.0,0.0,0.0,0.0,0.0,2.0,16,6,4
4,5,3,7,15,3,6,1,1,1,36,2,2,0.0,0.0,0.0,0.0,0.0,1.0,14,6,6
16,2,0,15,8,3,0,1,0,1,26,2,3,1.0,0.0,0.0,1.0,0.0,2.0,1,6,5
16,2,3,10,8,3,0,1,1,1,23,2,2,0.0,0.0,0.0,0.0,0.0,2.0,11,3,7
16,2,3,17,8,3,0,0,1,1,36,2,2,0.0,0.0,0.0,0.0,0.0,2.0,18,2,6
16,2,0,17,10,4,0,0,1,1,36,2,2,0.0,0.0,0.0,0.0,0.0,2.0,15,4,11
16,2,3,10,2,3,0,1,1,1,19,2,2,0.0,0.0,0.0,0.0,0.0,2.0,16,5,12
16,2,3,10,6,3,0,1,1,0,19,2,2,0.0,0.0,0.0,0.0,0.0,3.0,14,5,7
16,2,3,10,8,3,0,1,1,1,36,2,2,0.0,0.0,0.0,0.0,0.0,2.0,17,2,4
15,2,1,10,8,3,0,1,1,1,19,3,2,0.0,0.0,0.0,0.0,0.0,4.0,5,5,9
16,2,3,17,8,3,0,1,0,1,24,2,3,1.0,0.0,0.0,1.0,0.0,2.0,16,4,3
16,2,1,10,8,3,0,1,1,1,19,2,2,0.0,0.0,0.0,0.0,0.0,3.0,21,4,8
16,2,3,17,6,3,0,1,1,1,22,2,2,0.0,0.0,0.0,0.0,0.0,2.0,6,2,5
16,2,3,10,8,3,0,1,1,1,36,2,2,0.0,0.0,0.0,0.0,0.0,2.0,14,2,9
16,7,4,9,8,3,6,1,0,1,36,2,1,1.0,0.0,1.0,0.0,0.0,1.0,14,7,11
16,2,3,15,1,3,0,3,1,1,36,2,2,0.0,0.0,0.0,0.0,0.0,2.0,16,5,9
16,2,3,17,6,3,0,1,1,1,36,2,2,0.0,0.0,0.0,0.0,0.0,2.0,10,3,12
16,10,3,10,3,3,4,1,1,1,21,2,2,0.0,0.0,0.0,0.0,0.0,3.0,14,2,1
16,2,3,2,8,3,0,1,1,1,36,1,2,0.0,0.0,0.0,0.0,0.0,2.0,11,7,11
15,3,3,0,10,3,1,1,1,1,12,2,2,0.0,0.0,0.0,0.0,0.0,2.0,10,2,1
16,2,1,17,8,3,0,1,1,1,12,2,2,0.0,0.0,0.0,0.0,0.0,4.0,17,2,1
16,2,3,10,8,3,0,1,1,1,21,2,2,0.0,0.0,0.0,0.0,0.0,2.0,7,1,3
16,2,1,17,2,3,0,1,1,1,23,2,2,0.0,0.0,0.0,0.0,0.0,2.0,21,7,11
15,2,3,17,8,3,0,1,1,1,18,2,2,0.0,0.0,0.0,0.0,0.0,2.0,14,6,9
16,2,1,15,10,3,0,1,1,1,22,2,2,0.0,0.0,0.0,0.0,0.0,2.0,20,6,3
4,2,3,7,8,3,0,0,1,1,36,2,2,0.0,0.0,0.0,0.0,0.0,1.0,3,7,7
15,10,2,10,6,3,4,1,0,1,39,2,2,0.0,0.0,0.0,0.0,0.0,2.0,7,2,1
16,2,3,10,8,3,0,1,1,1,36,2,2,0.0,0.0,0.0,0.0,0.0,3.0,16,5,7
16,2,3,10,8,3,0,1,0,1,17,2,4,1.0,0.0,0.0,0.0,1.0,1.0,12,1,6
16,2,3,8,1,3,0,1,1,1,36,2,2,0.0,0.0,0.0,0.0,0.0,2.0,12,2,7
16,2,1,10,2,3,0,1,1,1,19,2,2,0.0,0.0,0.0,0.0,0.0,2.0,19,3,11
16,2,3,17,10,3,0,1,1,1,24,2,2,0.0,0.0,0.0,0.0,0.0,2.0,15,6,7
15,2,3,17,6,3,6,1,1,1,5,2,2,0.0,0.0,0.0,0.0,0.0,2.0,13,4,1
16,7,1,0,6,3,6,1,1,1,39,2,2,0.0,0.0,0.0,0.0,0.0,2.0,7,3,12
4,2,4,10,15,3,0,0,1,1,2,2,2,0.0,0.0,0.0,0.0,0.0,3.0,19,4,9
16,2,3,17,8,3,0,1,0,1,18,3,3,3.0,0.0,0.0,1.0,2.0,2.0,13,2,9
16,2,3,17,8,3,0,1,1,1,24,2,2,0.0,0.0,0.0,0.0,0.0,3.0,13,2,12
16,7,0,0,8,3,0,1,0,1,36,2,2,0.0,0.0,0.0,0.0,0.0,3.0,18,4,2
16,2,1,10,2,3,0,1,1,1,28,2,2,0.0,0.0,0.0,0.0,0.0,2.0,23,5,7
16,2,1,0,6,3,0,1,0,1,6,2,2,0.0,0.0,0.0,0.0,0.0,3.0,3,1,6
15,2,3,0,8,3,0,1,1,1,18,2,2,0.0,0.0,0.0,0.0,0.0,2.0,12,5,4
16,2,0,17,8,3,0,1,1,1,24,2,2,0.0,0.0,0.0,0.0,0.0,3.0,21,4,5
4,9,1,10,8,3,4,1,1,1,23,2,2,0.0,0.0,0.0,0.0,0.0,2.0,23,2,12
16,2,2,15,6,3,0,0,1,1,36,2,2,0.0,0.0,0.0,0.0,0.0,2.0,19,5,12
15,2,1,17,10,3,0,1,0,1,17,2,2,0.0,0.0,0.0,0.0,0.0,2.0,21,5,6
4,2,3,9,8,3,0,1,0,1,36,2,3,1.0,0.0,0.0,1.0,0.0,1.0,8,5,3
16,2,3,7,8,3,6,1,1,1,36,2,2,0.0,0.0,0.0,0.0,0.0,4.0,14,7,2
15,2,3,10,2,3,0,1,1,1,19,2,2,0.0,0.0,0.0,0.0,0.0,3.0,12,5,6
16,2,3,0,6,3,0,1,0,1,18,2,2,0.0,0.0,0.0,0.0,0.0,2.0,12,1,6
4,2,3,17,1,3,0,0,1,1,18,2,2,0.0,0.0,0.0,0.0,0.0,3.0,14,7,1
15,2,3,17,2,3,0,1,1,1,36,2,2,0.0,0.0,0.0,0.0,0.0,2.0,15,2,3
16,2,3,10,10,3,0,1,1,1,19,2,2,0.0,0.0,0.0,0.0,0.0,2.0,15,2,4
16,2,1,17,1,3,0,1,1,1,18,2,2,0.0,0.0,0.0,0.0,0.0,2.0,21,2,11